Workbook

Sheet الإعدادات
B2: إعدادات احتساب الرواتب
B4: الشهر / الفترة | C4: سبتمبر 2026 | E4: قواعد الاحتساب المعتمدة
B5: عدد أيام الشهر | C5: 31 | E5: ١) إجمالي الراتب = الراتب الأساسي + المستحقات (البدلات).
B6: ساعات العمل اليومية | C6: 8 | E6: ٢) قيمة اليوم = إجمالي الراتب ÷ عدد أيام الشهر. (الخصم على الإجمالي وليس الأساسي فقط)
B7: معامل خصم التأخير | C7: 2 | E7: ٣) أيام التغيب = أيام الشهر − أيام العمل.
B8: معامل الساعات الإضافية | C8: 1 | E8: ٤) أيام الإجازة الشهرية المستحقة إجازة مدفوعة ولا تُخصم.
E9: ٥) أيام الغياب المخصومة = أيام التغيب − أيام الإجازة المستحقة (لا تقل عن صفر).
E10: ٦) خصم الغياب = قيمة اليوم × أيام الغياب المخصومة.
E11: ٧) قيمة الساعة = قيمة اليوم ÷ ساعات العمل اليومية.
E12: ٨) خصم التأخير = قيمة الساعة × (دقائق التأخير ÷ ٦٠) × معامل خصم التأخير (٢) — أي الساعة بساعتين.
E13: ٩) قيمة الساعات الإضافية = قيمة الساعة × عدد الساعات الإضافية × معامل الساعات الإضافية.
E14: ١٠) صافي الراتب = إجمالي الراتب + قيمة الساعات الإضافية − (خصم الغياب + خصم التأخير + السلف والخصومات).
E17: دليل الألوان
E18: خلفية صفراء + خط أزرق = خلايا الإدخال (اكتب فيها)
E19: خلفية خضراء = عمود أيام الإجازة الشهرية المستحقة (إدخال)
E20: خط أسود بدون خلفية = معادلة تُحسب تلقائياً (لا تكتب فيها)

Sheet كشف الرواتب
A1: كشف رواتب الموظفين
A2: =" الشهر: " & الإعدادات!C4 -> الشهر: سبتمبر 2026
A4: عدد | B4: الوظيفة | C4: اسم الموظف | D4: عدد أيام الشهر | E4: أيام العمل | F4: أيام الإجازة الشهرية | G4: أيام التغيب | H4: أيام الغياب المخصومة | I4: دقائق التأخير | J4: الساعات الإضافية | K4: الراتب الأساسي | L4: المستحقات (بدلات) | M4: إجمالي الراتب | N4: قيمة اليوم | O4: قيمة الساعة | P4: خصم الغياب | Q4: خصم التأخير | R4: قيمة الساعات الإضافية | S4: سلف وخصومات أخرى | T4: إجمالي الخصومات | U4: صافي الراتب | V4: ملاحظات
A5: 1 | B5: بارستا | C5: جوني | D5: =الإعدادات!$C$5 -> 31 | E5: 31 | F5: 0 | G5: =IF($C5="","",$D5-$E5) -> 0 | H5: =IF($C5="","",MAX(0,$G5-$F5)) -> 0 | I5: 0 | J5: 0 | K5: 800 | L5: 700 | M5: =IF($C5="","",$K5+$L5) -> 1500 | N5: =IF($C5="","",ROUND($M5/$D5,2)) -> 48.39 | O5: =IF($C5="","",ROUND($N5/الإعدادات!$C$6,2)) -> 6.05 | P5: =IF($C5="","",ROUND($M5/$D5*$H5,2)) -> 0 | Q5: =IF($C5="","",ROUND($M5/$D5/الإعدادات!$C$6*($I5/60)*الإعدادات!$C$7,2)) -> 0 | R5: =IF($C5="","",ROUND($M5/$D5/الإعدادات!$C$6*$J5*الإعدادات!$C$8,2)) -> 0 | S5: 50 | T5: =IF($C5="","",$P5+$Q5+$S5) -> 50 | U5: =IF($C5="","",$M5+$R5-$T5) -> 1450 | V5: سلفة
A6: 2 | B6: جمر | C6: طاهر | D6: =الإعدادات!$C$5 -> 31 | E6: 30 | F6: 0 | G6: =IF($C6="","",$D6-$E6) -> 1 | H6: =IF($C6="","",MAX(0,$G6-$F6)) -> 1 | I6: 0 | J6: 0 | K6: 800 | L6: 700 | M6: =IF($C6="","",$K6+$L6) -> 1500 | N6: =IF($C6="","",ROUND($M6/$D6,2)) -> 48.39 | O6: =IF($C6="","",ROUND($N6/الإعدادات!$C$6,2)) -> 6.05 | P6: =IF($C6="","",ROUND($M6/$D6*$H6,2)) -> 48.39 | Q6: =IF($C6="","",ROUND($M6/$D6/الإعدادات!$C$6*($I6/60)*الإعدادات!$C$7,2)) -> 0 | R6: =IF($C6="","",ROUND($M6/$D6/الإعدادات!$C$6*$J6*الإعدادات!$C$8,2)) -> 0 | S6: 0 | T6: =IF($C6="","",$P6+$Q6+$S6) -> 48.39 | U6: =IF($C6="","",$M6+$R6-$T6) -> 1451.61 | V6: تغيب يوم واحد
A7: 3 | B7: جمر | C7: عبدالرحمن | D7: =الإعدادات!$C$5 -> 31 | E7: 31 | F7: 0 | G7: =IF($C7="","",$D7-$E7) -> 0 | H7: =IF($C7="","",MAX(0,$G7-$F7)) -> 0 | I7: 0 | J7: 0 | K7: 800 | L7: 700 | M7: =IF($C7="","",$K7+$L7) -> 1500 | N7: =IF($C7="","",ROUND($M7/$D7,2)) -> 48.39 | O7: =IF($C7="","",ROUND($N7/الإعدادات!$C$6,2)) -> 6.05 | P7: =IF($C7="","",ROUND($M7/$D7*$H7,2)) -> 0 | Q7: =IF($C7="","",ROUND($M7/$D7/الإعدادات!$C$6*($I7/60)*الإعدادات!$C$7,2)) -> 0 | R7: =IF($C7="","",ROUND($M7/$D7/الإعدادات!$C$6*$J7*الإعدادات!$C$8,2)) -> 0 | S7: 0 | T7: =IF($C7="","",$P7+$Q7+$S7) -> 0 | U7: =IF($C7="","",$M7+$R7-$T7) -> 1500
A8: 4 | B8: نادل | C8: هاني | D8: =الإعدادات!$C$5 -> 31 | E8: 31 | F8: 0 | G8: =IF($C8="","",$D8-$E8) -> 0 | H8: =IF($C8="","",MAX(0,$G8-$F8)) -> 0 | I8: 0 | J8: 0 | K8: 1000 | L8: 1000 | M8: =IF($C8="","",$K8+$L8) -> 2000 | N8: =IF($C8="","",ROUND($M8/$D8,2)) -> 64.52 | O8: =IF($C8="","",ROUND($N8/الإعدادات!$C$6,2)) -> 8.06 | P8: =IF($C8="","",ROUND($M8/$D8*$H8,2)) -> 0 | Q8: =IF($C8="","",ROUND($M8/$D8/الإعدادات!$C$6*($I8/60)*الإعدادات!$C$7,2)) -> 0 | R8: =IF($C8="","",ROUND($M8/$D8/الإعدادات!$C$6*$J8*الإعدادات!$C$8,2)) -> 0 | S8: 30 | T8: =IF($C8="","",$P8+$Q8+$S8) -> 30 | U8: =IF($C8="","",$M8+$R8-$T8) -> 1970 | V8: خصم تاكسي
A9: 5 | B9: نادل | C9: راسيل | D9: =الإعدادات!$C$5 -> 31 | E9: 31 | F9: 0 | G9: =IF($C9="","",$D9-$E9) -> 0 | H9: =IF($C9="","",MAX(0,$G9-$F9)) -> 0 | I9: 0 | J9: 0 | K9: 800 | L9: 900 | M9: =IF($C9="","",$K9+$L9) -> 1700 | N9: =IF($C9="","",ROUND($M9/$D9,2)) -> 54.84 | O9: =IF($C9="","",ROUND($N9/الإعدادات!$C$6,2)) -> 6.86 | P9: =IF($C9="","",ROUND($M9/$D9*$H9,2)) -> 0 | Q9: =IF($C9="","",ROUND($M9/$D9/الإعدادات!$C$6*($I9/60)*الإعدادات!$C$7,2)) -> 0 | R9: =IF($C9="","",ROUND($M9/$D9/الإعدادات!$C$6*$J9*الإعدادات!$C$8,2)) -> 0 | S9: 400 | T9: =IF($C9="","",$P9+$Q9+$S9) -> 400 | U9: =IF($C9="","",$M9+$R9-$T9) -> 1300 | V9: سلفة
A10: 7 | B10: جمر | C10: فيصل | D10: =الإعدادات!$C$5 -> 31 | E10: 31 | F10: 0 | G10: =IF($C10="","",$D10-$E10) -> 0 | H10: =IF($C10="","",MAX(0,$G10-$F10)) -> 0 | I10: 0 | J10: 0 | K10: 800 | L10: 700 | M10: =IF($C10="","",$K10+$L10) -> 1500 | N10: =IF($C10="","",ROUND($M10/$D10,2)) -> 48.39 | O10: =IF($C10="","",ROUND($N10/الإعدادات!$C$6,2)) -> 6.05 | P10: =IF($C10="","",ROUND($M10/$D10*$H10,2)) -> 0 | Q10: =IF($C10="","",ROUND($M10/$D10/الإعدادات!$C$6*($I10/60)*الإعدادات!$C$7,2)) -> 0 | R10: =IF($C10="","",ROUND($M10/$D10/الإعدادات!$C$6*$J10*الإعدادات!$C$8,2)) -> 0 | S10: 300 | T10: =IF($C10="","",$P10+$Q10+$S10) -> 300 | U10: =IF($C10="","",$M10+$R10-$T10) -> 1200 | V10: سلفة
A11: 8 | B11: معسل | C11: سهيل | D11: =الإعدادات!$C$5 -> 31 | E11: 31 | F11: 0 | G11: =IF($C11="","",$D11-$E11) -> 0 | H11: =IF($C11="","",MAX(0,$G11-$F11)) -> 0 | I11: 90 | J11: 0 | K11: 800 | L11: 1450 | M11: =IF($C11="","",$K11+$L11) -> 2250 | N11: =IF($C11="","",ROUND($M11/$D11,2)) -> 72.58 | O11: =IF($C11="","",ROUND($N11/الإعدادات!$C$6,2)) -> 9.07 | P11: =IF($C11="","",ROUND($M11/$D11*$H11,2)) -> 0 | Q11: =IF($C11="","",ROUND($M11/$D11/الإعدادات!$C$6*($I11/60)*الإعدادات!$C$7,2)) -> 27.22 | R11: =IF($C11="","",ROUND($M11/$D11/الإعدادات!$C$6*$J11*الإعدادات!$C$8,2)) -> 0 | S11: 0 | T11: =IF($C11="","",$P11+$Q11+$S11) -> 27.22 | U11: =IF($C11="","",$M11+$R11-$T11) -> 2222.78 | V11: تأخير 90 دقيقة
A12: 9 | B12: بارستا | C12: عارف | D12: =الإعدادات!$C$5 -> 31 | E12: 31 | F12: 0 | G12: =IF($C12="","",$D12-$E12) -> 0 | H12: =IF($C12="","",MAX(0,$G12-$F12)) -> 0 | I12: 0 | J12: 0 | K12: 800 | L12: 900 | M12: =IF($C12="","",$K12+$L12) -> 1700 | N12: =IF($C12="","",ROUND($M12/$D12,2)) -> 54.84 | O12: =IF($C12="","",ROUND($N12/الإعدادات!$C$6,2)) -> 6.86 | P12: =IF($C12="","",ROUND($M12/$D12*$H12,2)) -> 0 | Q12: =IF($C12="","",ROUND($M12/$D12/الإعدادات!$C$6*($I12/60)*الإعدادات!$C$7,2)) -> 0 | R12: =IF($C12="","",ROUND($M12/$D12/الإعدادات!$C$6*$J12*الإعدادات!$C$8,2)) -> 0 | S12: 0 | T12: =IF($C12="","",$P12+$Q12+$S12) -> 0 | U12: =IF($C12="","",$M12+$R12-$T12) -> 1700
A13: 10 | B13: معسل | C13: نبيل | D13: =الإعدادات!$C$5 -> 31 | E13: 31 | F13: 0 | G13: =IF($C13="","",$D13-$E13) -> 0 | H13: =IF($C13="","",MAX(0,$G13-$F13)) -> 0 | I13: 0 | J13: 0 | K13: 800 | L13: 700 | M13: =IF($C13="","",$K13+$L13) -> 1500 | N13: =IF($C13="","",ROUND($M13/$D13,2)) -> 48.39 | O13: =IF($C13="","",ROUND($N13/الإعدادات!$C$6,2)) -> 6.05 | P13: =IF($C13="","",ROUND($M13/$D13*$H13,2)) -> 0 | Q13: =IF($C13="","",ROUND($M13/$D13/الإعدادات!$C$6*($I13/60)*الإعدادات!$C$7,2)) -> 0 | R13: =IF($C13="","",ROUND($M13/$D13/الإعدادات!$C$6*$J13*الإعدادات!$C$8,2)) -> 0 | S13: 0 | T13: =IF($C13="","",$P13+$Q13+$S13) -> 0 | U13: =IF($C13="","",$M13+$R13-$T13) -> 1500
A14: 11 | B14: استقبال | C14: سهام شامي | D14: =الإعدادات!$C$5 -> 31 | E14: 27 | F14: 0 | G14: =IF($C14="","",$D14-$E14) -> 4 | H14: =IF($C14="","",MAX(0,$G14-$F14)) -> 4 | I14: 0 | J14: 0 | K14: 2000 | L14: 2000 | M14: =IF($C14="","",$K14+$L14) -> 4000 | N14: =IF($C14="","",ROUND($M14/$D14,2)) -> 129.03 | O14: =IF($C14="","",ROUND($N14/الإعدادات!$C$6,2)) -> 16.13 | P14: =IF($C14="","",ROUND($M14/$D14*$H14,2)) -> 516.13 | Q14: =IF($C14="","",ROUND($M14/$D14/الإعدادات!$C$6*($I14/60)*الإعدادات!$C$7,2)) -> 0 | R14: =IF($C14="","",ROUND($M14/$D14/الإعدادات!$C$6*$J14*الإعدادات!$C$8,2)) -> 0 | S14: 700 | T14: =IF($C14="","",$P14+$Q14+$S14) -> 1216.13 | U14: =IF($C14="","",$M14+$R14-$T14) -> 2783.87 | V14: سلفة 700 + تغيب 4 أيام
A15: 12 | B15: رنر | C15: ايكا | D15: =الإعدادات!$C$5 -> 31 | E15: 26 | F15: 0 | G15: =IF($C15="","",$D15-$E15) -> 5 | H15: =IF($C15="","",MAX(0,$G15-$F15)) -> 5 | I15: 0 | J15: 0 | K15: 500 | L15: 1500 | M15: =IF($C15="","",$K15+$L15) -> 2000 | N15: =IF($C15="","",ROUND($M15/$D15,2)) -> 64.52 | O15: =IF($C15="","",ROUND($N15/الإعدادات!$C$6,2)) -> 8.06 | P15: =IF($C15="","",ROUND($M15/$D15*$H15,2)) -> 322.58 | Q15: =IF($C15="","",ROUND($M15/$D15/الإعدادات!$C$6*($I15/60)*الإعدادات!$C$7,2)) -> 0 | R15: =IF($C15="","",ROUND($M15/$D15/الإعدادات!$C$6*$J15*الإعدادات!$C$8,2)) -> 0 | S15: 34 | T15: =IF($C15="","",$P15+$Q15+$S15) -> 356.58 | U15: =IF($C15="","",$M15+$R15-$T15) -> 1643.42 | V15: سلفة 34 + تغيب 5 أيام
A16: 13 | B16: نضافة | C16: نور | D16: =الإعدادات!$C$5 -> 31 | E16: 31 | F16: 0 | G16: =IF($C16="","",$D16-$E16) -> 0 | H16: =IF($C16="","",MAX(0,$G16-$F16)) -> 0 | I16: 0 | J16: 0 | K16: 500 | L16: 1500 | M16: =IF($C16="","",$K16+$L16) -> 2000 | N16: =IF($C16="","",ROUND($M16/$D16,2)) -> 64.52 | O16: =IF($C16="","",ROUND($N16/الإعدادات!$C$6,2)) -> 8.06 | P16: =IF($C16="","",ROUND($M16/$D16*$H16,2)) -> 0 | Q16: =IF($C16="","",ROUND($M16/$D16/الإعدادات!$C$6*($I16/60)*الإعدادات!$C$7,2)) -> 0 | R16: =IF($C16="","",ROUND($M16/$D16/الإعدادات!$C$6*$J16*الإعدادات!$C$8,2)) -> 0 | S16: 0 | T16: =IF($C16="","",$P16+$Q16+$S16) -> 0 | U16: =IF($C16="","",$M16+$R16-$T16) -> 2000
A17: 14 | B17: رنر | C17: ايدا | D17: =الإعدادات!$C$5 -> 31 | E17: 29 | F17: 0 | G17: =IF($C17="","",$D17-$E17) -> 2 | H17: =IF($C17="","",MAX(0,$G17-$F17)) -> 2 | I17: 0 | J17: 0 | K17: 500 | L17: 1500 | M17: =IF($C17="","",$K17+$L17) -> 2000 | N17: =IF($C17="","",ROUND($M17/$D17,2)) -> 64.52 | O17: =IF($C17="","",ROUND($N17/الإعدادات!$C$6,2)) -> 8.06 | P17: =IF($C17="","",ROUND($M17/$D17*$H17,2)) -> 129.03 | Q17: =IF($C17="","",ROUND($M17/$D17/الإعدادات!$C$6*($I17/60)*الإعدادات!$C$7,2)) -> 0 | R17: =IF($C17="","",ROUND($M17/$D17/الإعدادات!$C$6*$J17*الإعدادات!$C$8,2)) -> 0 | S17: 0 | T17: =IF($C17="","",$P17+$Q17+$S17) -> 129.03 | U17: =IF($C17="","",$M17+$R17-$T17) -> 1870.97 | V17: تغيب يومين
A18: 16 | B18: طاهي | C18: مهدي | D18: =الإعدادات!$C$5 -> 31 | E18: 31 | F18: 0 | G18: =IF($C18="","",$D18-$E18) -> 0 | H18: =IF($C18="","",MAX(0,$G18-$F18)) -> 0 | I18: 0 | J18: 0 | K18: 800 | L18: 1200 | M18: =IF($C18="","",$K18+$L18) -> 2000 | N18: =IF($C18="","",ROUND($M18/$D18,2)) -> 64.52 | O18: =IF($C18="","",ROUND($N18/الإعدادات!$C$6,2)) -> 8.06 | P18: =IF($C18="","",ROUND($M18/$D18*$H18,2)) -> 0 | Q18: =IF($C18="","",ROUND($M18/$D18/الإعدادات!$C$6*($I18/60)*الإعدادات!$C$7,2)) -> 0 | R18: =IF($C18="","",ROUND($M18/$D18/الإعدادات!$C$6*$J18*الإعدادات!$C$8,2)) -> 0 | S18: 400 | T18: =IF($C18="","",$P18+$Q18+$S18) -> 400 | U18: =IF($C18="","",$M18+$R18-$T18) -> 1600 | V18: سلفة
A19: 17 | B19: ويتر وبارستا | C19: روكي | D19: =الإعدادات!$C$5 -> 31 | E19: 31 | F19: 0 | G19: =IF($C19="","",$D19-$E19) -> 0 | H19: =IF($C19="","",MAX(0,$G19-$F19)) -> 0 | I19: 0 | J19: 0 | K19: 800 | L19: 900 | M19: =IF($C19="","",$K19+$L19) -> 1700 | N19: =IF($C19="","",ROUND($M19/$D19,2)) -> 54.84 | O19: =IF($C19="","",ROUND($N19/الإعدادات!$C$6,2)) -> 6.86 | P19: =IF($C19="","",ROUND($M19/$D19*$H19,2)) -> 0 | Q19: =IF($C19="","",ROUND($M19/$D19/الإعدادات!$C$6*($I19/60)*الإعدادات!$C$7,2)) -> 0 | R19: =IF($C19="","",ROUND($M19/$D19/الإعدادات!$C$6*$J19*الإعدادات!$C$8,2)) -> 0 | S19: 400 | T19: =IF($C19="","",$P19+$Q19+$S19) -> 400 | U19: =IF($C19="","",$M19+$R19-$T19) -> 1300 | V19: سلفة
A20: 18 | B20: سواق | C20: مقصود | D20: =الإعدادات!$C$5 -> 31 | E20: 31 | F20: 0 | G20: =IF($C20="","",$D20-$E20) -> 0 | H20: =IF($C20="","",MAX(0,$G20-$F20)) -> 0 | I20: 0 | J20: 0 | K20: 500 | L20: 1500 | M20: =IF($C20="","",$K20+$L20) -> 2000 | N20: =IF($C20="","",ROUND($M20/$D20,2)) -> 64.52 | O20: =IF($C20="","",ROUND($N20/الإعدادات!$C$6,2)) -> 8.06 | P20: =IF($C20="","",ROUND($M20/$D20*$H20,2)) -> 0 | Q20: =IF($C20="","",ROUND($M20/$D20/الإعدادات!$C$6*($I20/60)*الإعدادات!$C$7,2)) -> 0 | R20: =IF($C20="","",ROUND($M20/$D20/الإعدادات!$C$6*$J20*الإعدادات!$C$8,2)) -> 0 | S20: 200 | T20: =IF($C20="","",$P20+$Q20+$S20) -> 200 | U20: =IF($C20="","",$M20+$R20-$T20) -> 1800 | V20: سلفة
A21: 19 | B21: معسل | C21: سيف | D21: =الإعدادات!$C$5 -> 31 | E21: 31 | F21: 0 | G21: =IF($C21="","",$D21-$E21) -> 0 | H21: =IF($C21="","",MAX(0,$G21-$F21)) -> 0 | I21: 50 | J21: 0 | K21: 800 | L21: 1450 | M21: =IF($C21="","",$K21+$L21) -> 2250 | N21: =IF($C21="","",ROUND($M21/$D21,2)) -> 72.58 | O21: =IF($C21="","",ROUND($N21/الإعدادات!$C$6,2)) -> 9.07 | P21: =IF($C21="","",ROUND($M21/$D21*$H21,2)) -> 0 | Q21: =IF($C21="","",ROUND($M21/$D21/الإعدادات!$C$6*($I21/60)*الإعدادات!$C$7,2)) -> 15.12 | R21: =IF($C21="","",ROUND($M21/$D21/الإعدادات!$C$6*$J21*الإعدادات!$C$8,2)) -> 0 | S21: 300 | T21: =IF($C21="","",$P21+$Q21+$S21) -> 315.12 | U21: =IF($C21="","",$M21+$R21-$T21) -> 1934.88 | V21: سلفة 300 + تأخير 50 دقيقة
A22: 20 | B22: - | C22: ناجمل | D22: =الإعدادات!$C$5 -> 31 | E22: 31 | F22: 0 | G22: =IF($C22="","",$D22-$E22) -> 0 | H22: =IF($C22="","",MAX(0,$G22-$F22)) -> 0 | I22: 0 | J22: 0 | K22: 1000 | L22: 700 | M22: =IF($C22="","",$K22+$L22) -> 1700 | N22: =IF($C22="","",ROUND($M22/$D22,2)) -> 54.84 | O22: =IF($C22="","",ROUND($N22/الإعدادات!$C$6,2)) -> 6.86 | P22: =IF($C22="","",ROUND($M22/$D22*$H22,2)) -> 0 | Q22: =IF($C22="","",ROUND($M22/$D22/الإعدادات!$C$6*($I22/60)*الإعدادات!$C$7,2)) -> 0 | R22: =IF($C22="","",ROUND($M22/$D22/الإعدادات!$C$6*$J22*الإعدادات!$C$8,2)) -> 0 | S22: 440 | T22: =IF($C22="","",$P22+$Q22+$S22) -> 440 | U22: =IF($C22="","",$M22+$R22-$T22) -> 1260 | V22: خصم تاكسي + سلفة
D23: =الإعدادات!$C$5 -> 31 | G23: =IF($C23="","",$D23-$E23) | H23: =IF($C23="","",MAX(0,$G23-$F23)) | M23: =IF($C23="","",$K23+$L23) | N23: =IF($C23="","",ROUND($M23/$D23,2)) | O23: =IF($C23="","",ROUND($N23/الإعدادات!$C$6,2)) | P23: =IF($C23="","",ROUND($M23/$D23*$H23,2)) | Q23: =IF($C23="","",ROUND($M23/$D23/الإعدادات!$C$6*($I23/60)*الإعدادات!$C$7,2)) | R23: =IF($C23="","",ROUND($M23/$D23/الإعدادات!$C$6*$J23*الإعدادات!$C$8,2)) | T23: =IF($C23="","",$P23+$Q23+$S23) | U23: =IF($C23="","",$M23+$R23-$T23)
D24: =الإعدادات!$C$5 -> 31 | G24: =IF($C24="","",$D24-$E24) | H24: =IF($C24="","",MAX(0,$G24-$F24)) | M24: =IF($C24="","",$K24+$L24) | N24: =IF($C24="","",ROUND($M24/$D24,2)) | O24: =IF($C24="","",ROUND($N24/الإعدادات!$C$6,2)) | P24: =IF($C24="","",ROUND($M24/$D24*$H24,2)) | Q24: =IF($C24="","",ROUND($M24/$D24/الإعدادات!$C$6*($I24/60)*الإعدادات!$C$7,2)) | R24: =IF($C24="","",ROUND($M24/$D24/الإعدادات!$C$6*$J24*الإعدادات!$C$8,2)) | T24: =IF($C24="","",$P24+$Q24+$S24) | U24: =IF($C24="","",$M24+$R24-$T24)
D25: =الإعدادات!$C$5 -> 31 | G25: =IF($C25="","",$D25-$E25) | H25: =IF($C25="","",MAX(0,$G25-$F25)) | M25: =IF($C25="","",$K25+$L25) | N25: =IF($C25="","",ROUND($M25/$D25,2)) | O25: =IF($C25="","",ROUND($N25/الإعدادات!$C$6,2)) | P25: =IF($C25="","",ROUND($M25/$D25*$H25,2)) | Q25: =IF($C25="","",ROUND($M25/$D25/الإعدادات!$C$6*($I25/60)*الإعدادات!$C$7,2)) | R25: =IF($C25="","",ROUND($M25/$D25/الإعدادات!$C$6*$J25*الإعدادات!$C$8,2)) | T25: =IF($C25="","",$P25+$Q25+$S25) | U25: =IF($C25="","",$M25+$R25-$T25)
D26: =الإعدادات!$C$5 -> 31 | G26: =IF($C26="","",$D26-$E26) | H26: =IF($C26="","",MAX(0,$G26-$F26)) | M26: =IF($C26="","",$K26+$L26) | N26: =IF($C26="","",ROUND($M26/$D26,2)) | O26: =IF($C26="","",ROUND($N26/الإعدادات!$C$6,2)) | P26: =IF($C26="","",ROUND($M26/$D26*$H26,2)) | Q26: =IF($C26="","",ROUND($M26/$D26/الإعدادات!$C$6*($I26/60)*الإعدادات!$C$7,2)) | R26: =IF($C26="","",ROUND($M26/$D26/الإعدادات!$C$6*$J26*الإعدادات!$C$8,2)) | T26: =IF($C26="","",$P26+$Q26+$S26) | U26: =IF($C26="","",$M26+$R26-$T26)
D27: =الإعدادات!$C$5 -> 31 | G27: =IF($C27="","",$D27-$E27) | H27: =IF($C27="","",MAX(0,$G27-$F27)) | M27: =IF($C27="","",$K27+$L27) | N27: =IF($C27="","",ROUND($M27/$D27,2)) | O27: =IF($C27="","",ROUND($N27/الإعدادات!$C$6,2)) | P27: =IF($C27="","",ROUND($M27/$D27*$H27,2)) | Q27: =IF($C27="","",ROUND($M27/$D27/الإعدادات!$C$6*($I27/60)*الإعدادات!$C$7,2)) | R27: =IF($C27="","",ROUND($M27/$D27/الإعدادات!$C$6*$J27*الإعدادات!$C$8,2)) | T27: =IF($C27="","",$P27+$Q27+$S27) | U27: =IF($C27="","",$M27+$R27-$T27)
A28: الإجـــمـــالـــي | K28: =ROUND(SUM(K5:K27),2) -> 14800 | L28: =ROUND(SUM(L5:L27),2) -> 20000 | M28: =ROUND(SUM(M5:M27),2) -> 34800 | P28: =ROUND(SUM(P5:P27),2) -> 1016.13 | Q28: =ROUND(SUM(Q5:Q27),2) -> 42.34 | R28: =ROUND(SUM(R5:R27),2) -> 0 | S28: =ROUND(SUM(S5:S27),2) -> 3254 | T28: =ROUND(SUM(T5:T27),2) -> 4312.47 | U28: =ROUND(SUM(U5:U27),2) -> 30487.53
A30: • أيام الإجازة الشهرية المستحقة إجازة مدفوعة — تُطرح من أيام التغيب قبل احتساب الخصم، فلا يُخصم عنها شيء.
A31: • اكتب في الخلايا الملوّنة فقط: أيام العمل، أيام الإجازة الشهرية (أخضر)، دقائق التأخير، الساعات الإضافية، الراتب الأساسي، المستحقات، السلف، الملاحظات.
A32: • لبدء شهر جديد: غيّر الشهر وعدد أيام الشهر في ورقة (الإعدادات)، ثم حدّث أيام العمل والسلف — والباقي يُحسب تلقائياً.
A33: • إذا تغيّب الموظف أقل من رصيد إجازته لا يظهر أي خصم، ولا يُرحَّل الرصيد المتبقي للشهر التالي.
A34: • لإضافة موظف جديد استخدم الصفوف الفارغة الجاهزة في نهاية الكشف (المعادلات مُعدّة مسبقاً).
